Please complete your personal information,,,,,,,,,,,,,,,,,,,,,,,,,,,,
,,,,,,,,,,,,,,,,,,,,,,,,,,,,
Name(s):,,,,,,,,,,,,,,,,,,,,,,,,,,,,
Last Name(s):,,,,,,,,,,,,,,,,,,,,,,,,,,,,
Institution:,,,,,,,,,,,,,,,,,,,,,,,,,,,,
Email:,,,,,,,,,,,,,,,,,,,,,,,,,,,,
Notes:,,,,,,,,,,,,,,,,,,,,,,,,,,,,
,,,,,,,,,,,,,,,,,,,,,,,,,,,,
Insert here your experimental Data,,,,,,,,,,,,,,,,,,,,,,,,,,,,
,,,,,,,,,,,,,,,,,,,,,,,,,,,,
id,Protein name,UniprotKB/NCBI_POI,PROTEIN_DNA_SEQ,protein_seq,SP name,UniprotKB_SP,NCBI_SP,SP_DNA_seq,sp_seq,DNA_linker,aa_linker,Proprotein_DNA_seq,Proprotein_seq,Proprotein_seq_translated,enzyme_activity,standard_deviation,Units,source_protein,Host,sp_organism,Species,sp_organism_reference,Promoter,cultivation_flask,cultivation_medium,cultivation_medium_ingredients,time (h),Reference
CoSPAD_0001,Cutinase,C7ZGJ1,CTGCCTACTTCTAACCCTGCTCAGGAGCTTGAGGCGCGCCAGCTTGGTAGAACAACTCGCGACGATCTGATCAACGGCAATAGCGCTTCCTGCGCCGATGTCATCTTCATTTATGCCCGAGGTTCAACAGAGACGGGCAACTTGGGAACTCTCGGTCCTAGCATTGCCTCCAACCTTGAGTCCGCCTTCGGCAAGGACGGTGTCTGGATTCAGGGCGTTGGCGGTGCCTACCGAGCCACTCTTGGAGACAATGCTCTCCCTCGCGGAACCTCTAGCGCCGCAATCAGGGAGATGCTTGGTCTCTTCCAGCAGGCCAACACCAAGTGCCCTGACGCGACTTTGATCGCCGGTGGCTACAGCCAGGGTGCTGCACTTGCAGCCGCCTCCATCGAGGACCTCGACTCGGCCATTCGTGACAAGATCGCCGGAACTGTTCTGTTCGGCTACACCAAGAACCTACAGAACCGTGGCCGAATCCCCAACTACCCTGCCGACAGGACCAAGGTCTTCTGCAATACAGGGGATCTCGTTTGTACTGGTAGCTTGATCGTTGCTGCACCTCACTTGGCTTATGGTCCTGATGCTCGTGGCCCTGCCCCTGAGTTCCTCATCGAGAAGGTTCGGGCTGTCCGTGGTTCTGCTCGAGGAGGATGA,LPTSNPAQELEARQLGRTTRDDLINGNSASCADVIFIYARGSTETGNLGTLGPSIASNLESAFGKDGVWIQGVGGAYRATLGDNALPRGTSSAAIREMLGLFQQANTKCPDATLIAGGYSQGAALAAASIEDLDSAIRDKIAGTVLFGYTKNLQNRGRIPNYPADRTKVFCNTGDLVCTGSLIVAAPHLAYGPDARGPAPEFLIEKVRAVRGSARGG,epr,P16396,NR,ATGAAAAACATGTCTTGCAAACTTGTTGTATCAGTCACTCTGTTTTTCAGTTTTCTCACCATAGGCCCTCTCGCTCATGCG,MKNMSCKLVVSVTLFFSFLTIGPLAHA,GCTGAATTC,AEF,ATGAAAAACATGTCTTGCAAACTTGTTGTATCAGTCACTCTGTTTTTCAGTTTTCTCACCATAGGCCCTCTCGCTCATGCGGCTGAATTCCTGCCTACTTCTAACCCTGCTCAGGAGCTTGAGGCGCGCCAGCTTGGTAGAACAACTCGCGACGATCTGATCAACGGCAATAGCGCTTCCTGCGCCGATGTCATCTTCATTTATGCCCGAGGTTCAACAGAGACGGGCAACTTGGGAACTCTCGGTCCTAGCATTGCCTCCAACCTTGAGTCCGCCTTCGGCAAGGACGGTGTCTGGATTCAGGGCGTTGGCGGTGCCTACCGAGCCACTCTTGGAGACAATGCTCTCCCTCGCGGAACCTCTAGCGCCGCAATCAGGGAGATGCTTGGTCTCTTCCAGCAGGCCAACACCAAGTGCCCTGACGCGACTTTGATCGCCGGTGGCTACAGCCAGGGTGCTGCACTTGCAGCCGCCTCCATCGAGGACCTCGACTCGGCCATTCGTGACAAGATCGCCGGAACTGTTCTGTTCGGCTACACCAAGAACCTACAGAACCGTGGCCGAATCCCCAACTACCCTGCCGACAGGACCAAGGTCTTCTGCAATACAGGGGATCTCGTTTGTACTGGTAGCTTGATCGTTGCTGCACCTCACTTGGCTTATGGTCCTGATGCTCGTGGCCCTGCCCCTGAGTTCCTCATCGAGAAGGTTCGGGCTGTCCGTGGTTCTGCTCGAGGAGGATGA,MKNMSCKLVVSVTLFFSFLTIGPLAHAAEFLPTSNPAQELEARQLGRTTRDDLINGNSASCADVIFIYARGSTETGNLGTLGPSIASNLESAFGKDGVWIQGVGGAYRATLGDNALPRGTSSAAIREMLGLFQQANTKCPDATLIAGGYSQGAALAAASIEDLDSAIRDKIAGTVLFGYTKNLQNRGRIPNYPADRTKVFCNTGDLVCTGSLIVAAPHLAYGPDARGPAPEFLIEKVRAVRGSARGG,MKNMSCKLVVSVTLFFSFLTIGPLAHAAEFLPTSNPAQELEARQLGRTTRDDLINGNSASCADVIFIYARGSTETGNLGTLGPSIASNLESAFGKDGVWIQGVGGAYRATLGDNALPRGTSSAAIREMLGLFQQANTKCPDATLIAGGYSQGAALAAASIEDLDSAIRDKIAGTVLFGYTKNLQNRGRIPNYPADRTKVFCNTGDLVCTGSLIVAAPHLAYGPDARGPAPEFLIEKVRAVRGSARGG*,4.67,-,U/ml,Fusarium solani subsp. pisi,Bacillus subtilis TEB1030,Bacillus subtilis 168,Bacillus subtilis,NC_000964.3,PhpaII,96WP,LB medium,"10 g/l tryptone, 5 g/l yeast extract, 10 g/l NaCl",16,"Brockmeier,U., Caspers,M., Freudl,R., Jockwer,A., Noll,T. and Eggert,T. (2006) Systematic Screening of All Signal Peptides from Bacillus subtilis: A Powerful Strategy in Optimizing Heterologous Protein Secretion in Gram-positive Bacteria. J. Mol. Biol., 362, 393–402."
